{"cameraMode":{"drawMode":0,"name":"Shaded","section":"Shading Mode"},"sceneLighting":true,"audioPlay":false,"sceneViewState":{"showFog":true,"showMaterialUpdate":false,"showSkybox":true,"showFlares":true,"showImageEffects":true,"showParticleSystems":true},"in2DMode":false,"pivot":{"x":-0.6451606750488281,"y":-1.4833984375,"z":-2.72216796875},"rotation":{"x":0.6809823513031006,"y":-0.0015491103986278177,"z":0.001407657633535564,"w":0.7322968244552612},"size":8.179317474365235,"orthographic":true}