{"cameraMode":{"drawMode":0,"name":"Shaded","section":"Shading Mode"},"sceneLighting":true,"audioPlay":false,"sceneViewState":{"showFog":true,"showMaterialUpdate":false,"showSkybox":true,"showFlares":true,"showImageEffects":true,"showParticleSystems":true},"in2DMode":false,"pivot":{"x":-1.052001953125,"y":-0.8955078125,"z":-0.88330078125},"rotation":{"x":0.6907192468643189,"y":0.011488368734717369,"z":-0.010996033437550068,"w":0.7229481339454651},"size":6.467870712280273,"orthographic":true}