{"cameraMode":{"drawMode":0,"name":"Shaded","section":"Shading Mode"},"sceneLighting":true,"audioPlay":false,"sceneViewState":{"showFog":true,"showMaterialUpdate":false,"showSkybox":true,"showFlares":true,"showImageEffects":true,"showParticleSystems":true},"in2DMode":false,"pivot":{"x":0.447021484375,"y":-0.21142578125,"z":-2.4923095703125},"rotation":{"x":0.1832391917705536,"y":0.30623000860214236,"z":-0.06024764105677605,"w":0.9322107434272766},"size":1.4878814220428467,"orthographic":true}