{"cameraMode":{"drawMode":0,"name":"Shaded","section":"Shading Mode"},"sceneLighting":true,"audioPlay":false,"sceneViewState":{"showFog":true,"showMaterialUpdate":false,"showSkybox":true,"showFlares":true,"showImageEffects":true,"showParticleSystems":true},"in2DMode":false,"pivot":{"x":-0.89813232421875,"y":6.982421875,"z":-6.07763671875},"rotation":{"x":0.4964173138141632,"y":0.01900382898747921,"z":-0.01088742632418871,"w":0.8678077459335327},"size":6.564903736114502,"orthographic":true}