{"cameraMode":{"drawMode":0,"name":"Shaded","section":"Shading Mode"},"sceneLighting":true,"audioPlay":false,"sceneViewState":{"showFog":true,"showMaterialUpdate":false,"showSkybox":true,"showFlares":true,"showImageEffects":true,"showParticleSystems":true},"in2DMode":false,"pivot":{"x":-1.5901451110839844,"y":4.412109375,"z":-2.601806640625},"rotation":{"x":0.6135861277580261,"y":-0.004035073798149824,"z":0.0031125550158321859,"w":0.7896113991737366},"size":7.8501200675964359,"orthographic":true}