{"cameraMode":{"drawMode":0,"name":"Shaded","section":"Shading Mode"},"sceneLighting":true,"audioPlay":false,"sceneViewState":{"showFog":true,"showMaterialUpdate":false,"showSkybox":true,"showFlares":true,"showImageEffects":true,"showParticleSystems":true},"in2DMode":false,"pivot":{"x":-0.9219997525215149,"y":0.0009999886387959123,"z":-1.1449999809265137},"rotation":{"x":0.6507549285888672,"y":-0.0061559672467410568,"z":0.005254063755273819,"w":0.7592446804046631},"size":6.563502311706543,"orthographic":true}