{"cameraMode":{"drawMode":0,"name":"Shaded","section":"Shading Mode"},"sceneLighting":true,"audioPlay":false,"sceneViewState":{"showFog":true,"showMaterialUpdate":false,"showSkybox":true,"showFlares":true,"showImageEffects":true,"showParticleSystems":true},"in2DMode":false,"pivot":{"x":-0.013195008039474488,"y":-0.054683148860931399,"z":-2.849837303161621},"rotation":{"x":0.46346554160118105,"y":0.024694807827472688,"z":-0.01298355869948864,"w":0.8856755495071411},"size":1.0103514194488526,"orthographic":true}