{"cameraMode":{"drawMode":0,"name":"Shaded","section":"Shading Mode"},"sceneLighting":true,"audioPlay":false,"sceneViewState":{"showFog":true,"showMaterialUpdate":false,"showSkybox":true,"showFlares":true,"showImageEffects":true,"showParticleSystems":true},"in2DMode":false,"pivot":{"x":-0.9312591552734375,"y":-0.73828125,"z":0.07177734375},"rotation":{"x":0.4675997197628021,"y":-0.009814715012907982,"z":0.005169720388948917,"w":0.8838707208633423},"size":6.858860015869141,"orthographic":true}