{"cameraMode":{"drawMode":0,"name":"Shaded","section":"Shading Mode"},"sceneLighting":true,"audioPlay":false,"sceneViewState":{"showFog":true,"showMaterialUpdate":false,"showSkybox":true,"showFlares":true,"showImageEffects":true,"showParticleSystems":true},"in2DMode":false,"pivot":{"x":1.3720703125,"y":1.319580078125,"z":-4.5966796875},"rotation":{"x":-0.24514202773571015,"y":0.44977134466171267,"z":-0.12987107038497926,"w":-0.8489668369293213},"size":2.4908463954925539,"orthographic":true}